{
  "h5": {
    "read": {
      "gzip": {
        "25_125_125": [
          1.353132963180542,
          1.3982179164886475,
          1.376058578491211,
          1.3690836429595947,
          1.3690037727355957
        ]
      },
      "raw": {
        "25_125_125": [
          0.10100221633911133,
          0.09254789352416992,
          0.08368682861328125,
          0.08852314949035645,
          0.08842682838439941
        ]
      }
    },
    "sizes": {
      "gzip": {
        "25_125_125": 152.36639
      },
      "raw": {
        "25_125_125": 195.34526
      }
    },
    "write": {
      "gzip": {
        "25_125_125": [
          7.8850696086883545,
          7.886708736419678,
          7.78305983543396,
          7.846232891082764,
          8.377190589904785
        ]
      },
      "raw": {
        "25_125_125": [
          0.1380155086517334,
          0.14611434936523438,
          0.13366961479187012,
          0.1347198486328125,
          0.13380098342895508
        ]
      }
    }
  },
  "n5": {
    "read": {
      "blosc": {
        "25_125_125": [
          0.10804271697998047,
          0.11231446266174316,
          0.1062321662902832,
          0.11068081855773926,
          0.11360955238342285
        ]
      },
      "gzip": {
        "25_125_125": [
          1.431281328201294,
          1.3880434036254883,
          1.3942337036132812,
          1.3982117176055908,
          1.429999589920044
        ]
      },
      "raw": {
        "25_125_125": [
          0.1023409366607666,
          0.11143732070922852,
          0.10564589500427246,
          0.11082768440246582,
          0.10880875587463379
        ]
      }
    },
    "sizes": {
      "blosc": {
        "25_125_125": 195.335168
      },
      "gzip": {
        "25_125_125": 152.501589
      },
      "raw": {
        "25_125_125": 195.32073
      }
    },
    "write": {
      "blosc": {
        "25_125_125": [
          0.23630356788635254,
          0.23339247703552246,
          0.3366730213165283,
          0.2579498291015625,
          0.23659157752990723
        ]
      },
      "gzip": {
        "25_125_125": [
          8.479328393936157,
          8.472882509231567,
          8.538485288619995,
          8.68724513053894,
          8.619205236434937
        ]
      },
      "raw": {
        "25_125_125": [
          0.18762636184692383,
          0.1795825958251953,
          0.1901233196258545,
          0.18768596649169922,
          0.18398308753967285
        ]
      }
    }
  },
  "zarr": {
    "read": {
      "blosc": {
        "25_125_125": [
          0.10008621215820312,
          0.10403871536254883,
          0.09778332710266113,
          0.09737634658813477,
          0.09820389747619629
        ]
      },
      "gzip": {
        "25_125_125": [
          1.3472957611083984,
          1.3307864665985107,
          1.32731032371521,
          1.3347134590148926,
          1.3295190334320068
        ]
      },
      "raw": {
        "25_125_125": [
          0.09337115287780762,
          0.09650516510009766,
          0.09249687194824219,
          0.09301972389221191,
          0.09356093406677246
        ]
      },
      "zlib": {
        "25_125_125": [
          1.367149829864502,
          1.3367581367492676,
          1.329575538635254,
          1.317039966583252,
          1.3342700004577637
        ]
      }
    },
    "sizes": {
      "blosc": {
        "25_125_125": 195.327216
      },
      "gzip": {
        "25_125_125": 152.333952
      },
      "raw": {
        "25_125_125": 195.312778
      },
      "zlib": {
        "25_125_125": 152.333952
      }
    },
    "write": {
      "blosc": {
        "25_125_125": [
          0.213087797164917,
          0.21868371963500977,
          0.22189927101135254,
          0.21935486793518066,
          0.22455406188964844
        ]
      },
      "gzip": {
        "25_125_125": [
          8.372785806655884,
          8.376787424087524,
          8.337210893630981,
          8.73946475982666,
          8.361162185668945
        ]
      },
      "raw": {
        "25_125_125": [
          0.18092679977416992,
          0.17357492446899414,
          0.16321539878845215,
          0.16050243377685547,
          0.15841412544250488
        ]
      },
      "zlib": {
        "25_125_125": [
          8.387433528900146,
          8.413418531417847,
          8.387044191360474,
          8.441616535186768,
          8.33455204963684
        ]
      }
    }
  }
}