{
  "h5": {
    "read": {
      "gzip": {
        "25_125_125": [
          1.639343500137329,
          1.7807612419128418,
          1.8213577270507812,
          1.803440809249878,
          1.8169219493865967
        ]
      },
      "raw": {
        "25_125_125": [
          0.1950225830078125,
          0.20504283905029297,
          0.20629382133483887,
          0.21150636672973633,
          0.21526288986206055
        ]
      }
    },
    "sizes": {
      "gzip": {
        "25_125_125": 152.36639
      },
      "raw": {
        "25_125_125": 195.34526
      }
    },
    "write": {
      "gzip": {
        "25_125_125": [
          9.255113124847412,
          8.493076086044312,
          8.439597368240356,
          8.8021240234375,
          8.505244255065918
        ]
      },
      "raw": {
        "25_125_125": [
          0.18662381172180176,
          0.14578485488891602,
          0.14164447784423828,
          0.14160895347595215,
          0.1495976448059082
        ]
      }
    }
  },
  "n5": {
    "read": {
      "blosc": {
        "25_125_125": [
          0.26537442207336426,
          0.26093363761901855,
          0.2349681854248047,
          0.24448227882385254,
          0.264678955078125
        ]
      },
      "bzip2": {
        "25_125_125": [
          11.412303447723389,
          10.869279146194458,
          11.100172519683838,
          10.62639856338501,
          10.712047576904297
        ]
      },
      "gzip": {
        "25_125_125": [
          1.7900981903076172,
          1.7530615329742432,
          1.7939343452453613,
          1.7306554317474365,
          1.7303996086120605
        ]
      },
      "raw": {
        "25_125_125": [
          0.24649286270141602,
          0.2492539882659912,
          0.2549936771392822,
          0.24625158309936523,
          0.28884410858154297
        ]
      }
    },
    "sizes": {
      "blosc": {
        "25_125_125": 195.335168
      },
      "bzip2": {
        "25_125_125": 117.260867
      },
      "gzip": {
        "25_125_125": 152.501589
      },
      "raw": {
        "25_125_125": 195.32073
      }
    },
    "write": {
      "blosc": {
        "25_125_125": [
          0.3003418445587158,
          0.30174922943115234,
          0.29279637336730957,
          0.27883124351501465,
          0.290299654006958
        ]
      },
      "bzip2": {
        "25_125_125": [
          17.718631505966187,
          17.94128656387329,
          17.80558681488037,
          19.328033924102783,
          18.028554677963257
        ]
      },
      "gzip": {
        "25_125_125": [
          9.781536102294922,
          9.30206823348999,
          9.223698854446411,
          9.555107593536377,
          10.249105215072632
        ]
      },
      "raw": {
        "25_125_125": [
          0.2614288330078125,
          0.2502877712249756,
          0.26113152503967285,
          0.2681913375854492,
          0.2763369083404541
        ]
      }
    }
  },
  "zarr": {
    "read": {
      "blosc": {
        "25_125_125": [
          0.20096969604492188,
          0.2112257480621338,
          0.21334242820739746,
          0.21255207061767578,
          0.2135770320892334
        ]
      },
      "bzip2": {
        "25_125_125": [
          10.740880250930786,
          10.737077951431274,
          10.544767618179321,
          11.070091724395752,
          10.937064170837402
        ]
      },
      "gzip": {
        "25_125_125": [
          1.7608954906463623,
          1.7592294216156006,
          1.7607834339141846,
          1.745978832244873,
          1.7392053604125977
        ]
      },
      "raw": {
        "25_125_125": [
          0.22246861457824707,
          0.23432302474975586,
          0.2236156463623047,
          0.22484946250915527,
          0.22494101524353027
        ]
      },
      "zlib": {
        "25_125_125": [
          1.7028765678405762,
          1.6863389015197754,
          1.5983283519744873,
          1.6393988132476807,
          1.6368753910064697
        ]
      }
    },
    "sizes": {
      "blosc": {
        "25_125_125": 195.327216
      },
      "bzip2": {
        "25_125_125": 117.252932
      },
      "gzip": {
        "25_125_125": 152.333952
      },
      "raw": {
        "25_125_125": 195.312778
      },
      "zlib": {
        "25_125_125": 152.333952
      }
    },
    "write": {
      "blosc": {
        "25_125_125": [
          0.25368356704711914,
          0.24875807762145996,
          0.23978829383850098,
          0.24399209022521973,
          0.24468612670898438
        ]
      },
      "bzip2": {
        "25_125_125": [
          17.305826663970947,
          18.070661544799805,
          17.917190551757812,
          18.303025007247925,
          17.10244846343994
        ]
      },
      "gzip": {
        "25_125_125": [
          8.212212800979614,
          8.231618642807007,
          8.194234371185303,
          8.239273309707642,
          8.172468900680542
        ]
      },
      "raw": {
        "25_125_125": [
          0.21717619895935059,
          0.22077655792236328,
          0.21467828750610352,
          0.20981669425964355,
          0.2093675136566162
        ]
      },
      "zlib": {
        "25_125_125": [
          9.547414064407349,
          9.570366382598877,
          10.19200611114502,
          10.017913103103638,
          10.421516418457031
        ]
      }
    }
  }
}