{
  "h5": {
    "read": {
      "gzip": {
        "25_125_125": [
          1.4717459678649902,
          1.4849720001220703,
          1.4825592041015625,
          1.4857335090637207,
          1.4895315170288086
        ]
      },
      "raw": {
        "25_125_125": [
          0.4260540008544922,
          0.2976064682006836,
          0.29771876335144043,
          0.3353426456451416,
          0.2916240692138672
        ]
      }
    },
    "sizes": {
      "gzip": {
        "25_125_125": 152.36639
      },
      "raw": {
        "25_125_125": 195.34526
      }
    },
    "write": {
      "gzip": {
        "25_125_125": [
          8.200931310653687,
          7.851300954818726,
          7.858280181884766,
          8.43578553199768,
          8.237401008605957
        ]
      },
      "raw": {
        "25_125_125": [
          0.3269157409667969,
          0.3690483570098877,
          0.36922693252563477,
          0.3725156784057617,
          0.3999009132385254
        ]
      }
    }
  },
  "n5": {
    "read": {
      "blosc": {
        "25_125_125": [
          0.6681299209594727,
          0.5209405422210693,
          0.4494917392730713,
          0.47386670112609863,
          0.511359453201294
        ]
      },
      "bzip2": {
        "25_125_125": [
          10.653240203857422,
          10.225469589233398,
          10.206483364105225,
          10.266062498092651,
          10.358124494552612
        ]
      },
      "gzip": {
        "25_125_125": [
          2.236766815185547,
          2.1913371086120605,
          1.779991626739502,
          1.7856826782226562,
          2.29075288772583
        ]
      },
      "raw": {
        "25_125_125": [
          0.6309998035430908,
          0.5038220882415771,
          0.5142536163330078,
          0.5024957656860352,
          0.49475598335266113
        ]
      }
    },
    "sizes": {
      "blosc": {
        "25_125_125": 195.335168
      },
      "bzip2": {
        "25_125_125": 117.260867
      },
      "gzip": {
        "25_125_125": 152.501589
      },
      "raw": {
        "25_125_125": 195.32073
      }
    },
    "write": {
      "blosc": {
        "25_125_125": [
          2.436530113220215,
          2.332695960998535,
          2.104949712753296,
          2.36191987991333,
          2.2306129932403564
        ]
      },
      "bzip2": {
        "25_125_125": [
          17.84614062309265,
          18.91403079032898,
          19.291484355926514,
          19.56793975830078,
          18.774842023849487
        ]
      },
      "gzip": {
        "25_125_125": [
          11.04412293434143,
          10.715744972229004,
          10.137919902801514,
          11.067991971969604,
          11.22281551361084
        ]
      },
      "raw": {
        "25_125_125": [
          4.907844066619873,
          4.128718852996826,
          3.4406797885894775,
          2.5979464054107666,
          2.343616008758545
        ]
      }
    }
  },
  "zarr": {
    "read": {
      "blosc": {
        "25_125_125": [
          0.535069465637207,
          0.44980478286743164,
          0.41705751419067383,
          0.45319628715515137,
          0.4710376262664795
        ]
      },
      "bzip2": {
        "25_125_125": [
          10.661726236343384,
          10.638153076171875,
          10.397664785385132,
          10.300774097442627,
          10.273710012435913
        ]
      },
      "gzip": {
        "25_125_125": [
          2.3694679737091064,
          1.8832154273986816,
          1.77451491355896,
          1.7854673862457275,
          1.9877941608428955
        ]
      },
      "raw": {
        "25_125_125": [
          0.53940749168396,
          0.47458362579345703,
          0.48087573051452637,
          0.46343374252319336,
          0.5134804248809814
        ]
      },
      "zlib": {
        "25_125_125": [
          2.3923709392547607,
          1.7513184547424316,
          1.7571237087249756,
          2.426363468170166,
          1.9983031749725342
        ]
      }
    },
    "sizes": {
      "blosc": {
        "25_125_125": 195.327216
      },
      "bzip2": {
        "25_125_125": 117.252932
      },
      "gzip": {
        "25_125_125": 152.333952
      },
      "raw": {
        "25_125_125": 195.312778
      },
      "zlib": {
        "25_125_125": 152.333952
      }
    },
    "write": {
      "blosc": {
        "25_125_125": [
          1.7207846641540527,
          1.7914373874664307,
          1.5284931659698486,
          1.6816236972808838,
          1.7269363403320312
        ]
      },
      "bzip2": {
        "25_125_125": [
          17.311447381973267,
          17.279374361038208,
          17.796775341033936,
          18.229905366897583,
          19.637423515319824
        ]
      },
      "gzip": {
        "25_125_125": [
          9.614816427230835,
          9.167917251586914,
          10.357626914978027,
          9.776477098464966,
          9.369126796722412
        ]
      },
      "raw": {
        "25_125_125": [
          1.6788811683654785,
          1.6457207202911377,
          1.6500701904296875,
          1.5845556259155273,
          1.5396349430084229
        ]
      },
      "zlib": {
        "25_125_125": [
          10.755128383636475,
          10.691884279251099,
          10.907845258712769,
          9.919049263000488,
          10.809017419815063
        ]
      }
    }
  }
}