{
  "h5": {
    "read": {
      "gzip": {
        "25_125_125": [
          3.7017226219177246,
          3.420780658721924,
          3.4070560932159424,
          3.8884003162384033,
          3.591191291809082
        ]
      },
      "raw": {
        "25_125_125": [
          0.41867661476135254,
          0.4346277713775635,
          0.38491153717041016,
          0.37230825424194336,
          0.36335325241088867
        ]
      }
    },
    "sizes": {
      "gzip": {
        "25_125_125": 152.36639
      },
      "raw": {
        "25_125_125": 195.34526
      }
    },
    "write": {
      "gzip": {
        "25_125_125": [
          17.138437509536743,
          15.488540649414062,
          14.845255613327026,
          17.725096940994263,
          16.13647484779358
        ]
      },
      "raw": {
        "25_125_125": [
          0.3387293815612793,
          0.35572123527526855,
          0.541304349899292,
          0.3281562328338623,
          0.3161342144012451
        ]
      }
    }
  },
  "n5": {
    "read": {
      "blosc": {
        "25_125_125": [
          2.475193977355957,
          2.0086817741394043,
          1.9965238571166992,
          2.0055959224700928,
          2.078209400177002
        ]
      },
      "bzip2": {
        "25_125_125": [
          24.712924242019653,
          23.769145727157593,
          23.986389636993408,
          24.662578105926514,
          24.69766664505005
        ]
      },
      "gzip": {
        "25_125_125": [
          8.818848371505737,
          9.02728796005249,
          8.860570192337036,
          8.596978664398193,
          8.479043006896973
        ]
      },
      "raw": {
        "25_125_125": [
          2.2831971645355225,
          1.8800461292266846,
          1.8913519382476807,
          1.8990564346313477,
          1.8696577548980713
        ]
      }
    },
    "sizes": {
      "blosc": {
        "25_125_125": 195.335168
      },
      "bzip2": {
        "25_125_125": 117.260867
      },
      "gzip": {
        "25_125_125": 152.501589
      },
      "raw": {
        "25_125_125": 195.32073
      }
    },
    "write": {
      "blosc": {
        "25_125_125": [
          8.14709758758545,
          2.607194185256958,
          1.5994226932525635,
          7.825259447097778,
          2.3862595558166504
        ]
      },
      "bzip2": {
        "25_125_125": [
          25.061532497406006,
          28.295135736465454,
          27.99552035331726,
          28.149660348892212,
          32.503211975097656
        ]
      },
      "gzip": {
        "25_125_125": [
          13.69350266456604,
          12.84239149093628,
          11.582396745681763,
          13.518028974533081,
          19.962024211883545
        ]
      },
      "raw": {
        "25_125_125": [
          7.188342094421387,
          2.1297171115875244,
          7.853042840957642,
          1.7258758544921875,
          2.1307742595672607
        ]
      }
    }
  },
  "zarr": {
    "read": {
      "blosc": {
        "25_125_125": [
          0.9542055130004883,
          0.7356932163238525,
          0.7206709384918213,
          0.739675760269165,
          0.7239642143249512
        ]
      },
      "bzip2": {
        "25_125_125": [
          17.840168952941895,
          17.92529058456421,
          12.059032201766968,
          11.582211256027222,
          11.654851913452148
        ]
      },
      "gzip": {
        "25_125_125": [
          2.772825002670288,
          2.3080639839172363,
          2.0535590648651123,
          1.972764253616333,
          2.296565055847168
        ]
      },
      "raw": {
        "25_125_125": [
          0.872126579284668,
          0.730133056640625,
          0.7355632781982422,
          0.7608158588409424,
          0.7406899929046631
        ]
      },
      "zlib": {
        "25_125_125": [
          2.3050479888916016,
          1.9769577980041504,
          1.9993114471435547,
          2.1307995319366455,
          2.092664957046509
        ]
      }
    },
    "sizes": {
      "blosc": {
        "25_125_125": 195.327216
      },
      "bzip2": {
        "25_125_125": 117.252932
      },
      "gzip": {
        "25_125_125": 152.333952
      },
      "raw": {
        "25_125_125": 195.312778
      },
      "zlib": {
        "25_125_125": 152.333952
      }
    },
    "write": {
      "blosc": {
        "25_125_125": [
          0.7279219627380371,
          0.8148341178894043,
          0.6967480182647705,
          0.7675731182098389,
          0.8661007881164551
        ]
      },
      "bzip2": {
        "25_125_125": [
          33.26886606216431,
          33.16208362579346,
          35.17189407348633,
          26.794617652893066,
          29.70523953437805
        ]
      },
      "gzip": {
        "25_125_125": [
          12.624747276306152,
          14.308473348617554,
          20.951866149902344,
          12.557013273239136,
          12.190483808517456
        ]
      },
      "raw": {
        "25_125_125": [
          0.7308437824249268,
          0.6715071201324463,
          0.7005560398101807,
          6.262873411178589,
          0.7091701030731201
        ]
      },
      "zlib": {
        "25_125_125": [
          24.754177808761597,
          12.5615074634552,
          10.526511907577515,
          11.24822211265564,
          10.703288078308105
        ]
      }
    }
  }
}